profile,seed,scale,W_MBps,R_MBps,rotate_wait,escrow_cap_MB,evict_at,outage_s,lines_written,lines_lost,loss_ratio,lost_MB_equiv,rotations,inode_reuses,sim_seconds,truncated,peak_active_MB_equiv,files_written,files_never_tracked,never_tracked_MB_equiv,files_abandoned,first_abandon_s,abandoned_MB_equiv,gap_detected_lines,tail_undetected_lines,tail_detected_by_hwm,watcher_recall_gaps_only,watcher_recall_with_hwm,auditor_lost_MB_equiv,auditor_error_pct,escrow_lines_lost,escrow_loss_ratio,escrow_recovered_lines,escrow_duplicates,escrow_peak_extra_MB_equiv,escrow_overflow_MB_equiv,escrow_link_miss,experiment,write_rate
inotify,1,16.0,8.0,32.0,5.0,-1,-1,0,175781,0,0.0,0.0,10,9,100.0,False,79.843328,11,0,0.0,0,-1,0.0,0,0,0,1.0,1.0,0.0,0.0,0,0.0,0,0,0.0,0.0,0,E1,8000000.0
inotify,2,16.0,8.0,32.0,5.0,-1,-1,0,175781,0,0.0,0.0,9,8,100.0,False,79.839232,10,0,0.0,0,-1,0.0,0,0,0,1.0,1.0,0.0,0.0,0,0.0,0,0,0.0,0.0,0,E1,8000000.0
inotify,3,16.0,8.0,32.0,5.0,-1,-1,0,175781,0,0.0,0.0,10,9,100.0,False,79.839232,11,0,0.0,0,-1,0.0,0,0,0,1.0,1.0,0.0,0.0,0,0.0,0,0,0.0,0.0,0,E1,8000000.0
inotify,4,16.0,8.0,32.0,5.0,-1,-1,0,175781,0,0.0,0.0,10,9,100.0,False,79.839232,11,0,0.0,0,-1,0.0,0,0,0,1.0,1.0,0.0,0.0,0,0.0,0,0,0.0,0.0,0,E1,8000000.0
inotify,5,16.0,8.0,32.0,5.0,-1,-1,0,175781,0,0.0,0.0,10,9,100.0,False,79.843328,11,0,0.0,0,-1,0.0,0,0,0,1.0,1.0,0.0,0.0,0,0.0,0,0,0.0,0.0,0,E1,8000000.0
inotify,1,16.0,16.0,32.0,5.0,-1,-1,0,351562,0,0.0,0.0,10,9,100.0,False,159.68256,11,0,0.0,0,-1,0.0,0,0,0,1.0,1.0,0.0,0.0,0,0.0,0,0,0.0,0.0,0,E1,16000000.0
inotify,2,16.0,16.0,32.0,5.0,-1,-1,0,351562,0,0.0,0.0,9,8,100.0,False,159.678464,10,0,0.0,0,-1,0.0,0,0,0,1.0,1.0,0.0,0.0,0,0.0,0,0,0.0,0.0,0,E1,16000000.0
inotify,3,16.0,16.0,32.0,5.0,-1,-1,0,351562,0,0.0,0.0,10,9,100.0,False,159.678464,11,0,0.0,0,-1,0.0,0,0,0,1.0,1.0,0.0,0.0,0,0.0,0,0,0.0,0.0,0,E1,16000000.0
inotify,4,16.0,16.0,32.0,5.0,-1,-1,0,351562,0,0.0,0.0,10,9,100.0,False,159.678464,11,0,0.0,0,-1,0.0,0,0,0,1.0,1.0,0.0,0.0,0,0.0,0,0,0.0,0.0,0,E1,16000000.0
inotify,5,16.0,16.0,32.0,5.0,-1,-1,0,351562,0,0.0,0.0,10,9,100.0,False,159.68256,11,0,0.0,0,-1,0.0,0,0,0,1.0,1.0,0.0,0.0,0,0.0,0,0,0.0,0.0,0,E1,16000000.0
inotify,1,16.0,24.0,32.0,5.0,-1,-1,0,527343,0,0.0,0.0,10,9,100.0,False,239.521792,11,0,0.0,0,-1,0.0,0,0,0,1.0,1.0,0.0,0.0,0,0.0,0,0,0.0,0.0,0,E1,24000000.0
inotify,2,16.0,24.0,32.0,5.0,-1,-1,0,527343,0,0.0,0.0,9,8,100.0,False,239.521792,10,0,0.0,0,-1,0.0,0,0,0,1.0,1.0,0.0,0.0,0,0.0,0,0,0.0,0.0,0,E1,24000000.0
inotify,3,16.0,24.0,32.0,5.0,-1,-1,0,527343,0,0.0,0.0,10,7,100.0,False,239.521792,11,0,0.0,0,-1,0.0,0,0,0,1.0,1.0,0.0,0.0,0,0.0,0,0,0.0,0.0,0,E1,24000000.0
inotify,4,16.0,24.0,32.0,5.0,-1,-1,0,527343,0,0.0,0.0,10,9,100.0,False,239.521792,11,0,0.0,0,-1,0.0,0,0,0,1.0,1.0,0.0,0.0,0,0.0,0,0,0.0,0.0,0,E1,24000000.0
inotify,5,16.0,24.0,32.0,5.0,-1,-1,0,527343,0,0.0,0.0,10,9,100.0,False,239.521792,11,0,0.0,0,-1,0.0,0,0,0,1.0,1.0,0.0,0.0,0,0.0,0,0,0.0,0.0,0,E1,24000000.0
inotify,1,16.0,32.0,32.0,5.0,-1,-1,0,703125,0,0.0,0.0,10,9,100.0,False,319.361024,11,0,0.0,0,-1,0.0,0,0,0,1.0,1.0,0.0,0.0,0,0.0,0,0,0.0,0.0,0,E1,32000000.0
inotify,2,16.0,32.0,32.0,5.0,-1,-1,0,703125,0,0.0,0.0,10,9,100.0,False,319.356928,11,0,0.0,0,-1,0.0,0,0,0,1.0,1.0,0.0,0.0,0,0.0,0,0,0.0,0.0,0,E1,32000000.0
inotify,3,16.0,32.0,32.0,5.0,-1,-1,0,703125,0,0.0,0.0,10,9,100.0,False,319.356928,11,0,0.0,0,-1,0.0,0,0,0,1.0,1.0,0.0,0.0,0,0.0,0,0,0.0,0.0,0,E1,32000000.0
inotify,4,16.0,32.0,32.0,5.0,-1,-1,0,703125,0,0.0,0.0,10,9,100.0,False,319.356928,11,0,0.0,0,-1,0.0,0,0,0,1.0,1.0,0.0,0.0,0,0.0,0,0,0.0,0.0,0,E1,32000000.0
inotify,5,16.0,32.0,32.0,5.0,-1,-1,0,703125,0,0.0,0.0,10,9,100.0,False,319.361024,11,0,0.0,0,-1,0.0,0,0,0,1.0,1.0,0.0,0.0,0,0.0,0,0,0.0,0.0,0,E1,32000000.0
inotify,1,16.0,40.0,32.0,5.0,-1,-1,0,878906,125547,0.14284462729802733,514.240512,10,5,101.68,False,399.200256,11,0,0.0,8,26.42,514.240512,119357,6190,6190,0.9506957553744813,1.0,536.961024,4.418265669430572,0,0.0,125547,5547,400.003072,0.0,0,E1,40000000.0
inotify,2,16.0,40.0,32.0,5.0,-1,-1,0,878906,135575,0.15425426609899123,555.3152,10,5,100.0,False,399.200256,11,0,0.0,7,34.64,555.3152,135575,0,0,1.0,1.0,574.865408,3.5205605753273095,0,0.0,135575,4773,400.003072,0.0,0,E1,40000000.0
inotify,3,16.0,40.0,32.0,5.0,-1,-1,0,878906,121926,0.1387247327928129,499.408896,10,6,100.0,False,399.200256,11,0,0.0,7,27.42,499.408896,121926,0,0,1.0,1.0,519.299072,3.98274363138297,0,0.0,121926,4856,400.003072,0.0,0,E1,40000000.0
inotify,4,16.0,40.0,32.0,5.0,-1,-1,0,878906,121663,0.13842549715214142,498.331648,10,6,100.0,False,399.200256,11,0,0.0,7,27.42,498.331648,121663,0,0,1.0,1.0,518.402048,4.027518637547981,0,0.0,121663,4900,400.003072,0.0,0,E1,40000000.0
inotify,5,16.0,40.0,32.0,5.0,-1,-1,0,878906,128769,0.1465105483407782,527.437824,10,6,100.0,False,399.200256,11,0,0.0,7,31.32,527.437824,128769,0,0,1.0,1.0,549.658624,4.2129705130893305,0,0.0,128769,5425,400.003072,0.0,0,E1,40000000.0
inotify,1,16.0,48.0,32.0,5.0,-1,-1,0,1054687,301329,0.28570466877850964,1234.243584,10,6,103.74,False,479.043584,11,0,0.0,9,16.4,1234.243584,278303,23026,23026,0.9235851843002167,1.0,1260.2368,2.1060037367794004,0,0.0,301329,6346,480.002048,0.0,0,E1,48000000.0
inotify,2,16.0,48.0,32.0,5.0,-1,-1,0,1054687,310576,0.29447219886089426,1272.119296,10,6,105.88,False,479.039488,11,0,0.0,8,24.62,1272.119296,310576,0,0,1.0,1.0,1294.958592,1.7953737571480088,0,0.0,310576,5576,480.002048,0.0,0,E1,48000000.0
inotify,3,16.0,48.0,32.0,5.0,-1,-1,0,1054687,294001,0.2787566358549977,1204.228096,10,6,101.66,False,479.039488,11,0,0.0,9,17.400000000000002,1204.228096,282864,11137,11137,0.9621191764653861,1.0,1231.024128,2.225162499447281,0,0.0,294001,6542,480.002048,0.0,0,E1,48000000.0
inotify,4,16.0,48.0,32.0,5.0,-1,-1,0,1054687,293059,0.2778634798760201,1200.369664,10,6,101.58,False,479.039488,11,0,0.0,9,17.400000000000002,1200.369664,282602,10457,10457,0.9643177653646535,1.0,1226.244096,2.1555386458016987,0,0.0,293059,6317,480.002048,0.0,0,E1,48000000.0
inotify,5,16.0,48.0,32.0,5.0,-1,-1,0,1054687,297246,0.28183337805434217,1217.519616,10,6,102.44,False,479.043584,11,0,0.0,8,21.3,1217.519616,297246,0,0,1.0,1.0,1242.431488,2.046116684497016,0,0.0,297246,6082,480.002048,0.0,0,E1,48000000.0
inotify,1,16.0,64.0,32.0,5.0,-1,-1,0,1406250,652892,0.46427875555555553,2674.245632,10,1,185.12,False,638.722048,11,0,0.0,9,16.4,2674.245632,596194,56698,56698,0.9131586847441844,1.0,2700.238848,0.9719831151247067,0,0.0,652892,6346,2560.0,0.0,0,E1,64000000.0
inotify,2,16.0,64.0,32.0,5.0,-1,-1,0,1406250,660576,0.46974293333333333,2705.719296,10,0,185.94,False,638.717952,11,0,0.0,9,14.6,2705.719296,660576,0,0,1.0,1.0,2731.855872,0.9659751489609069,0,0.0,660576,6381,3200.0,0.0,0,E1,64000000.0
inotify,3,16.0,64.0,32.0,5.0,-1,-1,0,1406250,645564,0.45906773333333334,2644.230144,10,2,184.28,False,638.717952,11,0,0.0,9,17.400000000000002,2644.230144,604739,40825,40825,0.9367607239561065,1.0,2671.026176,1.0133774497958374,0,0.0,645564,6542,3200.0,0.0,0,E1,64000000.0
inotify,4,16.0,64.0,32.0,5.0,-1,-1,0,1406250,644622,0.45839786666666665,2640.371712,10,2,184.0,False,638.717952,11,0,0.0,9,17.400000000000002,2640.371712,604477,40145,40145,0.9377231928168757,1.0,2666.246144,0.9799541436686927,0,0.0,644622,6317,3200.0,0.0,0,E1,64000000.0
inotify,5,16.0,64.0,32.0,5.0,-1,-1,0,1406250,634200,0.45098666666666665,2597.6832,10,1,182.62,False,638.722048,11,0,0.0,9,11.3,2597.6832,634200,0,0,1.0,1.0,2625.654784,1.076789656259855,0,0.0,634200,6829,3200.0,0.0,0,E1,64000000.0
