profile,seed,scale,W_MBps,R_MBps,rotate_wait,escrow_cap_MB,evict_at,outage_s,lines_written,lines_lost,loss_ratio,lost_MB_equiv,rotations,inode_reuses,sim_seconds,truncated,peak_active_MB_equiv,files_written,files_never_tracked,never_tracked_MB_equiv,files_abandoned,first_abandon_s,abandoned_MB_equiv,gap_detected_lines,tail_undetected_lines,tail_detected_by_hwm,watcher_recall_gaps_only,watcher_recall_with_hwm,auditor_lost_MB_equiv,auditor_error_pct,escrow_lines_lost,escrow_loss_ratio,escrow_recovered_lines,escrow_duplicates,escrow_peak_extra_MB_equiv,escrow_overflow_MB_equiv,escrow_link_miss,experiment,write_rate,duration
inotify,1,16.0,48.0,32.0,1,-1,-1,0,3515625,1154766,0.32846677333333335,4729.921536,31,26,314.54,False,479.043584,32,0,0.0,30,12.4,4729.921536,1131740,23026,23026,0.9800600294778335,1.0,4825.370624,2.0179845960133913,0,0.0,1154766,23303,480.002048,0.0,0,E2,48000000.0,300.0
inotify,2,16.0,48.0,32.0,1,-1,-1,0,3515625,1163896,0.33106375111111114,4767.318016,31,25,322.26,False,479.039488,32,0,0.0,30,10.6,4767.318016,1163896,0,0,1.0,1.0,4863.963136,2.027242983909215,0,0.0,1163896,23595,960.0,0.0,0,E2,48000000.0,300.0
inotify,3,16.0,48.0,32.0,1,-1,-1,0,3515625,1142795,0.32506168888888887,4680.88832,31,25,311.72,False,479.039488,32,0,0.0,31,3.42,4680.88832,1131982,10813,10813,0.9905381105097589,1.0,4781.531136,2.1500794105679497,0,0.0,1142795,24571,480.002048,0.0,0,E2,48000000.0,300.0
inotify,4,16.0,48.0,32.0,1,-1,-1,0,3515625,1146193,0.3260282311111111,4694.806528,31,25,312.3,False,479.039488,32,0,0.0,31,3.42,4694.806528,1135112,11081,11081,0.9903323436803401,1.0,4791.947264,2.069110525016293,0,0.0,1146193,23716,480.002048,0.0,0,E2,48000000.0,300.0
inotify,5,16.0,48.0,32.0,1,-1,-1,0,3515625,1149003,0.32682752,4706.316288,31,26,315.94,False,479.043584,32,0,0.0,30,7.3,4706.316288,1149003,0,0,1.0,1.0,4802.9696,2.0536935064573374,0,0.0,1149003,23597,480.002048,0.0,0,E2,48000000.0,300.0
inotify,1,16.0,48.0,32.0,5,-1,-1,0,3515625,1123226,0.31949539555555556,4600.733696,31,24,318.32,False,479.043584,32,0,0.0,30,16.4,4600.733696,1100308,22918,22918,0.9795962700293619,1.0,4693.52448,2.016869267627352,0,0.0,1123226,22654,960.0,0.0,0,E2,48000000.0,300.0
inotify,2,16.0,48.0,32.0,5,-1,-1,0,3515625,1132662,0.32217941333333333,4639.383552,31,24,320.5,False,479.039488,32,0,0.0,29,24.62,4639.383552,1132662,0,0,1.0,1.0,4728.799232,1.9273181231470642,0,0.0,1132662,21830,960.0,0.0,0,E2,48000000.0,300.0
inotify,3,16.0,48.0,32.0,5,-1,-1,0,3515625,1111313,0.31610680888888887,4551.938048,31,22,315.18,False,479.039488,32,0,0.0,30,17.400000000000002,4551.938048,1100845,10468,10468,0.9905805115210566,1.0,4647.243776,2.0937395675205814,0,0.0,1111313,23268,480.002048,0.0,0,E2,48000000.0,300.0
inotify,4,16.0,48.0,32.0,5,-1,-1,0,3515625,1114393,0.3169828977777778,4564.553728,31,26,316.02,False,479.039488,32,0,0.0,30,17.400000000000002,4564.553728,1104433,9960,9960,0.991062398992097,1.0,4657.422336,2.0345605185962223,0,0.0,1114393,22673,960.0,0.0,0,E2,48000000.0,300.0
inotify,5,16.0,48.0,32.0,5,-1,-1,0,3515625,1117670,0.31791502222222223,4577.97632,31,25,316.72,False,479.043584,32,0,0.0,29,21.3,4577.97632,1117670,0,0,1.0,1.0,4670.93504,2.030563583168556,0,0.0,1117670,22695,960.0,0.0,0,E2,48000000.0,300.0
inotify,1,16.0,48.0,32.0,10,-1,-1,0,3515625,1084222,0.30840092444444445,4440.973312,31,25,323.18,False,479.043584,32,0,0.0,29,31.42,4440.973312,1061482,22740,22740,0.979026435545488,1.0,4529.37728,1.9906439825054278,0,0.0,1084222,21583,960.0,0.0,0,E2,48000000.0,300.0
inotify,2,16.0,48.0,32.0,10,-1,-1,0,3515625,1093497,0.31103914666666665,4478.963712,31,24,325.2,False,479.039488,32,0,0.0,28,39.64,4478.963712,1093497,0,0,1.0,1.0,4561.42848,1.8411573145605338,0,0.0,1093497,20133,960.0,0.0,0,E2,48000000.0,300.0
inotify,3,16.0,48.0,32.0,10,-1,-1,0,3515625,1072488,0.30506325333333334,4392.910848,31,24,319.82,False,479.039488,32,0,0.0,29,32.42,4392.910848,1062021,10467,10467,0.9902404502427999,1.0,4482.12992,2.030978435189951,0,0.0,1072488,21782,960.0,0.0,0,E2,48000000.0,300.0
inotify,4,16.0,48.0,32.0,10,-1,-1,0,3515625,1075336,0.30587335111111114,4404.576256,31,23,321.04,False,479.039488,32,0,0.0,29,32.42,4404.576256,1065278,10058,10058,0.990646644397658,1.0,4494.319616,2.0375026968315018,0,0.0,1075336,21910,960.0,0.0,0,E2,48000000.0,300.0
inotify,5,16.0,48.0,32.0,10,-1,-1,0,3515625,1078484,0.3067687822222222,4417.470464,31,24,321.16,False,479.043584,32,0,0.0,28,36.32,4417.470464,1078484,0,0,1.0,1.0,4504.219648,1.963775076867158,0,0.0,1078484,21179,960.0,0.0,0,E2,48000000.0,300.0
inotify,1,16.0,48.0,32.0,20,-1,-1,0,3515625,1006276,0.2862296177777778,4121.706496,31,22,332.62,False,479.043584,32,0,0.0,27,61.42,4121.706496,983205,23071,23071,0.9770728905389774,1.0,4200.603648,1.9141865651173238,0,0.0,1006276,19262,960.0,0.0,0,E2,48000000.0,300.0
inotify,2,16.0,48.0,32.0,20,-1,-1,0,3515625,1014852,0.28866901333333334,4156.833792,31,16,334.36,False,479.039488,32,0,0.0,26,69.62,4156.833792,1014852,0,0,1.0,1.0,4229.77536,1.75473862198626,0,0.0,1014852,17808,960.0,0.0,0,E2,48000000.0,300.0
inotify,3,16.0,48.0,32.0,20,-1,-1,0,3515625,994396,0.28285041777777775,4073.046016,31,22,329.44,False,479.039488,32,0,0.0,27,62.42,4073.046016,983565,10831,10831,0.9891079610135197,1.0,4153.331712,1.9711463038869828,0,0.0,994396,19601,960.0,0.0,0,E2,48000000.0,300.0
inotify,4,16.0,48.0,32.0,20,-1,-1,0,3515625,996774,0.2835268266666667,4082.786304,31,23,330.08,False,479.039488,32,0,0.0,27,62.42,4082.786304,986416,10358,10358,0.9896084769466298,1.0,4163.084288,1.9667447184617577,0,0.0,996774,19604,960.0,0.0,0,E2,48000000.0,300.0
inotify,5,16.0,48.0,32.0,20,-1,-1,0,3515625,999954,0.28443136,4095.811584,31,22,330.74,False,479.043584,32,0,0.0,26,66.32000000000001,4095.811584,999954,0,0,1.0,1.0,4173.193216,1.8892869071977312,0,0.0,999954,18892,960.0,0.0,0,E2,48000000.0,300.0
inotify,1,16.0,48.0,32.0,30,-1,-1,0,3515625,928213,0.2640250311111111,3801.960448,31,20,342.16,False,479.043584,32,0,0.0,25,91.42,3801.960448,905258,22955,22955,0.9752696848675897,1.0,3873.906688,1.8923458301058054,0,0.0,928213,17565,960.0,0.0,0,E2,48000000.0,300.0
inotify,2,16.0,48.0,32.0,30,-1,-1,0,3515625,937140,0.26656426666666666,3838.52544,31,16,344.16,False,479.039488,32,0,0.0,24,99.62,3838.52544,937140,0,0,1.0,1.0,3904.978944,1.7312247903194826,0,0.0,937140,16224,960.0,0.0,0,E2,48000000.0,300.0
inotify,3,16.0,48.0,32.0,30,-1,-1,0,3515625,916781,0.26077326222222225,3755.134976,31,22,339.26,False,479.039488,32,0,0.0,25,92.42,3755.134976,905476,11305,11305,0.9876688107628757,1.0,3828.928512,1.9651367120391894,0,0.0,916781,18016,960.0,0.0,0,E2,48000000.0,300.0
inotify,4,16.0,48.0,32.0,30,-1,-1,0,3515625,918147,0.2611618133333333,3760.730112,31,22,339.78,False,479.039488,32,0,0.0,25,92.42,3760.730112,907875,10272,10272,0.9888122490189479,1.0,3834.130432,1.9517571804950624,0,0.0,918147,17920,960.0,0.0,0,E2,48000000.0,300.0
inotify,5,16.0,48.0,32.0,30,-1,-1,0,3515625,921784,0.2621963377777778,3775.627264,31,20,340.66,False,479.043584,32,0,0.0,24,96.32000000000001,3775.627264,921784,0,0,1.0,1.0,3848.609792,1.9329908091266501,0,0.0,921784,17818,960.0,0.0,0,E2,48000000.0,300.0
inotify,1,16.0,48.0,32.0,60,-1,-1,0,3515625,692918,0.19709667555555554,2838.192128,31,18,370.68,False,479.043584,32,0,0.0,19,181.4,2838.192128,670049,22869,22869,0.9669960947760052,1.0,2895.372288,2.0146684023217754,0,0.0,692918,13960,960.0,0.0,0,E2,48000000.0,300.0
inotify,2,16.0,48.0,32.0,60,-1,-1,0,3515625,701406,0.19951104,2872.958976,31,18,372.5,False,479.039488,32,0,0.0,18,189.6,2872.958976,701406,0,0,1.0,1.0,2927.120384,1.8852134141994794,0,0.0,701406,13223,960.0,0.0,0,E2,48000000.0,300.0
inotify,3,16.0,48.0,32.0,60,-1,-1,0,3515625,682502,0.1941339022222222,2795.528192,31,18,368.2,False,479.039488,32,0,0.0,19,182.4,2795.528192,671396,11106,11106,0.983727520212395,1.0,2853.45792,2.0722283597703743,0,0.0,682502,14143,960.0,0.0,0,E2,48000000.0,300.0
inotify,4,16.0,48.0,32.0,60,-1,-1,0,3515625,684365,0.19466382222222223,2803.15904,31,19,368.52,False,479.039488,32,0,0.0,19,182.4,2803.15904,673100,11265,11265,0.983539485508464,1.0,2861.027328,2.0643954614861952,0,0.0,684365,14128,960.0,0.0,0,E2,48000000.0,300.0
inotify,5,16.0,48.0,32.0,60,-1,-1,0,3515625,686285,0.19520995555555556,2811.02336,31,18,369.2,False,479.043584,32,0,0.0,18,186.3,2811.02336,686285,0,0,1.0,1.0,2866.589696,1.9767297842732976,0,0.0,686285,13566,960.0,0.0,0,E2,48000000.0,300.0
