profile,seed,scale,W_MBps,R_MBps,rotate_wait,escrow_cap_MB,evict_at,outage_s,lines_written,lines_lost,loss_ratio,lost_MB_equiv,rotations,inode_reuses,sim_seconds,truncated,peak_active_MB_equiv,files_written,files_never_tracked,never_tracked_MB_equiv,files_abandoned,first_abandon_s,abandoned_MB_equiv,gap_detected_lines,tail_undetected_lines,tail_detected_by_hwm,watcher_recall_gaps_only,watcher_recall_with_hwm,auditor_lost_MB_equiv,auditor_error_pct,escrow_lines_lost,escrow_loss_ratio,escrow_recovered_lines,escrow_duplicates,escrow_peak_extra_MB_equiv,escrow_overflow_MB_equiv,escrow_link_miss,experiment,write_rate,monitor_interval
poll,1,16.0,16.0,32.0,5.0,-1,-1,0,351562,0,0.0,0.0,10,6,100.0,False,159.68256,11,0,0.0,0,-1,0.0,0,0,0,1.0,1.0,0.0,0.0,0,0.0,0,0,0.0,0.0,0,E3,16000000.0,10
poll,2,16.0,16.0,32.0,5.0,-1,-1,0,351562,0,0.0,0.0,9,8,100.0,False,159.678464,10,0,0.0,0,-1,0.0,0,0,0,1.0,1.0,0.0,0.0,0,0.0,0,0,0.0,0.0,0,E3,16000000.0,10
poll,3,16.0,16.0,32.0,5.0,-1,-1,0,351562,0,0.0,0.0,10,6,100.0,False,159.678464,11,0,0.0,0,-1,0.0,0,0,0,1.0,1.0,0.0,0.0,0,0.0,0,0,0.0,0.0,0,E3,16000000.0,10
poll,4,16.0,16.0,32.0,5.0,-1,-1,0,351562,0,0.0,0.0,10,6,100.0,False,159.678464,11,0,0.0,0,-1,0.0,0,0,0,1.0,1.0,0.0,0.0,0,0.0,0,0,0.0,0.0,0,E3,16000000.0,10
poll,5,16.0,16.0,32.0,5.0,-1,-1,0,351562,0,0.0,0.0,10,9,100.0,False,159.68256,11,0,0.0,0,-1,0.0,0,0,0,1.0,1.0,0.0,0.0,0,0.0,0,0,0.0,0.0,0,E3,16000000.0,10
poll,1,16.0,16.0,32.0,5.0,-1,-1,0,351562,175783,0.5000056888969797,720.007168,19,12,100.0,False,79.683584,20,9,720.007168,0,-1,0.0,175783,0,0,1.0,1.0,720.007168,0.0,0,0.0,175783,0,80.003072,0.0,0,E3,16000000.0,5
poll,2,16.0,16.0,32.0,5.0,-1,-1,0,351562,175779,0.49999431110302023,719.990784,18,12,104.74,False,79.683584,19,9,719.990784,0,-1,0.0,175779,0,0,1.0,1.0,719.990784,0.0,0,0.0,175779,0,79.998976,0.0,0,E3,16000000.0,5
poll,3,16.0,16.0,32.0,5.0,-1,-1,0,351562,175779,0.49999431110302023,719.990784,19,12,100.0,False,79.683584,20,9,719.990784,0,-1,0.0,175779,0,0,1.0,1.0,719.990784,0.0,0,0.0,175779,0,79.998976,0.0,0,E3,16000000.0,5
poll,4,16.0,16.0,32.0,5.0,-1,-1,0,351562,175779,0.49999431110302023,719.990784,19,13,100.0,False,79.683584,20,9,719.990784,0,-1,0.0,175779,0,0,1.0,1.0,719.990784,0.0,0,0.0,175779,0,79.998976,0.0,0,E3,16000000.0,5
poll,5,16.0,16.0,32.0,5.0,-1,-1,0,351562,175779,0.49999431110302023,719.990784,19,13,100.0,False,79.683584,20,9,719.990784,0,-1,0.0,175779,0,0,1.0,1.0,719.990784,0.0,0,0.0,175779,0,79.998976,0.0,0,E3,16000000.0,5
poll,1,16.0,16.0,32.0,5.0,-1,-1,0,351562,273437,0.7777774617279456,1119.997952,45,38,100.0,False,36.478976,46,35,1119.997952,0,-1,0.0,273437,0,0,1.0,1.0,1119.997952,0.0,0,0.0,273437,0,32.002048,0.0,0,E3,16000000.0,2
poll,2,16.0,16.0,32.0,5.0,-1,-1,0,351562,281250,0.800001137779396,1152.0,45,39,101.88,False,31.68256,46,36,1152.0,0,-1,0.0,281250,0,0,1.0,1.0,1152.0,0.0,0,0.0,281250,0,32.002048,0.0,0,E3,16000000.0,2
poll,3,16.0,16.0,32.0,5.0,-1,-1,0,351562,273438,0.7777803061764355,1120.002048,45,38,100.0,False,39.677952,46,35,1120.002048,0,-1,0.0,273438,0,0,1.0,1.0,1120.002048,0.0,0,0.0,273438,0,32.002048,0.0,0,E3,16000000.0,2
poll,4,16.0,16.0,32.0,5.0,-1,-1,0,351562,273438,0.7777803061764355,1120.002048,45,37,100.0,False,39.677952,46,35,1120.002048,0,-1,0.0,273438,0,0,1.0,1.0,1120.002048,0.0,0,0.0,273438,0,32.002048,0.0,0,E3,16000000.0,2
poll,5,16.0,16.0,32.0,5.0,-1,-1,0,351562,281250,0.800001137779396,1152.0,46,40,100.0,False,31.678464,47,36,1152.0,0,-1,0.0,281250,0,0,1.0,1.0,1152.0,0.0,0,0.0,281250,0,32.002048,0.0,0,E3,16000000.0,2
poll,1,16.0,16.0,32.0,5.0,-1,-1,0,351562,312498,0.888884464191238,1279.991808,90,83,100.0,False,18.239488,91,80,1279.991808,0,-1,0.0,312498,0,0,1.0,1.0,1279.991808,0.0,0,0.0,312498,0,16.003072,0.0,0,E3,16000000.0,1
poll,2,16.0,16.0,32.0,5.0,-1,-1,0,351562,316404,0.8999948799927182,1295.990784,90,83,100.9,False,15.683584,91,81,1295.990784,0,-1,0.0,316404,0,0,1.0,1.0,1295.990784,0.0,0,0.0,316404,0,16.003072,0.0,0,E3,16000000.0,1
poll,3,16.0,16.0,32.0,5.0,-1,-1,0,351562,312498,0.888884464191238,1279.991808,90,83,100.0,False,19.836928,91,80,1279.991808,0,-1,0.0,312498,0,0,1.0,1.0,1279.991808,0.0,0,0.0,312498,0,16.003072,0.0,0,E3,16000000.0,1
poll,4,16.0,16.0,32.0,5.0,-1,-1,0,351562,312498,0.888884464191238,1279.991808,90,84,100.0,False,19.836928,91,80,1279.991808,0,-1,0.0,312498,0,0,1.0,1.0,1279.991808,0.0,0,0.0,312498,0,16.003072,0.0,0,E3,16000000.0,1
poll,5,16.0,16.0,32.0,5.0,-1,-1,0,351562,316404,0.8999948799927182,1295.990784,90,82,100.58,False,15.683584,91,81,1295.990784,0,-1,0.0,316404,0,0,1.0,1.0,1295.990784,0.0,0,0.0,316404,0,16.003072,0.0,0,E3,16000000.0,1
inotify,1,16.0,16.0,32.0,5.0,-1,-1,0,351562,0,0.0,0.0,10,9,100.0,False,159.68256,11,0,0.0,0,-1,0.0,0,0,0,1.0,1.0,0.0,0.0,0,0.0,0,0,0.0,0.0,0,E3,16000000.0,10
inotify,2,16.0,16.0,32.0,5.0,-1,-1,0,351562,0,0.0,0.0,9,8,100.0,False,159.678464,10,0,0.0,0,-1,0.0,0,0,0,1.0,1.0,0.0,0.0,0,0.0,0,0,0.0,0.0,0,E3,16000000.0,10
inotify,3,16.0,16.0,32.0,5.0,-1,-1,0,351562,0,0.0,0.0,10,9,100.0,False,159.678464,11,0,0.0,0,-1,0.0,0,0,0,1.0,1.0,0.0,0.0,0,0.0,0,0,0.0,0.0,0,E3,16000000.0,10
inotify,4,16.0,16.0,32.0,5.0,-1,-1,0,351562,0,0.0,0.0,10,9,100.0,False,159.678464,11,0,0.0,0,-1,0.0,0,0,0,1.0,1.0,0.0,0.0,0,0.0,0,0,0.0,0.0,0,E3,16000000.0,10
inotify,5,16.0,16.0,32.0,5.0,-1,-1,0,351562,0,0.0,0.0,10,9,100.0,False,159.68256,11,0,0.0,0,-1,0.0,0,0,0,1.0,1.0,0.0,0.0,0,0.0,0,0,0.0,0.0,0,E3,16000000.0,10
inotify,1,16.0,16.0,32.0,5.0,-1,-1,0,351562,0,0.0,0.0,19,14,100.0,False,79.683584,20,0,0.0,0,-1,0.0,0,0,0,1.0,1.0,0.0,0.0,0,0.0,0,0,0.0,0.0,0,E3,16000000.0,5
inotify,2,16.0,16.0,32.0,5.0,-1,-1,0,351562,0,0.0,0.0,18,14,100.0,False,79.683584,19,0,0.0,0,-1,0.0,0,0,0,1.0,1.0,0.0,0.0,0,0.0,0,0,0.0,0.0,0,E3,16000000.0,5
inotify,3,16.0,16.0,32.0,5.0,-1,-1,0,351562,0,0.0,0.0,19,14,100.0,False,79.683584,20,0,0.0,0,-1,0.0,0,0,0,1.0,1.0,0.0,0.0,0,0.0,0,0,0.0,0.0,0,E3,16000000.0,5
inotify,4,16.0,16.0,32.0,5.0,-1,-1,0,351562,0,0.0,0.0,19,15,100.0,False,79.683584,20,0,0.0,0,-1,0.0,0,0,0,1.0,1.0,0.0,0.0,0,0.0,0,0,0.0,0.0,0,E3,16000000.0,5
inotify,5,16.0,16.0,32.0,5.0,-1,-1,0,351562,0,0.0,0.0,19,14,100.0,False,79.683584,20,0,0.0,0,-1,0.0,0,0,0,1.0,1.0,0.0,0.0,0,0.0,0,0,0.0,0.0,0,E3,16000000.0,5
inotify,1,16.0,16.0,32.0,5.0,-1,-1,0,351562,0,0.0,0.0,45,39,100.0,False,36.478976,46,0,0.0,0,-1,0.0,0,0,0,1.0,1.0,0.0,0.0,0,0.0,0,0,0.0,0.0,0,E3,16000000.0,2
inotify,2,16.0,16.0,32.0,5.0,-1,-1,0,351562,0,0.0,0.0,45,39,100.0,False,31.68256,46,0,0.0,0,-1,0.0,0,0,0,1.0,1.0,0.0,0.0,0,0.0,0,0,0.0,0.0,0,E3,16000000.0,2
inotify,3,16.0,16.0,32.0,5.0,-1,-1,0,351562,0,0.0,0.0,45,39,100.0,False,39.677952,46,0,0.0,0,-1,0.0,0,0,0,1.0,1.0,0.0,0.0,0,0.0,0,0,0.0,0.0,0,E3,16000000.0,2
inotify,4,16.0,16.0,32.0,5.0,-1,-1,0,351562,0,0.0,0.0,45,38,100.0,False,39.677952,46,0,0.0,0,-1,0.0,0,0,0,1.0,1.0,0.0,0.0,0,0.0,0,0,0.0,0.0,0,E3,16000000.0,2
inotify,5,16.0,16.0,32.0,5.0,-1,-1,0,351562,0,0.0,0.0,46,40,100.0,False,31.678464,47,0,0.0,0,-1,0.0,0,0,0,1.0,1.0,0.0,0.0,0,0.0,0,0,0.0,0.0,0,E3,16000000.0,2
inotify,1,16.0,16.0,32.0,5.0,-1,-1,0,351562,0,0.0,0.0,90,80,100.0,False,18.239488,91,0,0.0,0,-1,0.0,0,0,0,1.0,1.0,0.0,0.0,0,0.0,0,0,0.0,0.0,0,E3,16000000.0,1
inotify,2,16.0,16.0,32.0,5.0,-1,-1,0,351562,0,0.0,0.0,90,81,100.0,False,15.683584,91,0,0.0,0,-1,0.0,0,0,0,1.0,1.0,0.0,0.0,0,0.0,0,0,0.0,0.0,0,E3,16000000.0,1
inotify,3,16.0,16.0,32.0,5.0,-1,-1,0,351562,0,0.0,0.0,90,80,100.0,False,19.836928,91,0,0.0,0,-1,0.0,0,0,0,1.0,1.0,0.0,0.0,0,0.0,0,0,0.0,0.0,0,E3,16000000.0,1
inotify,4,16.0,16.0,32.0,5.0,-1,-1,0,351562,0,0.0,0.0,90,80,100.0,False,19.836928,91,0,0.0,0,-1,0.0,0,0,0,1.0,1.0,0.0,0.0,0,0.0,0,0,0.0,0.0,0,E3,16000000.0,1
inotify,5,16.0,16.0,32.0,5.0,-1,-1,0,351562,0,0.0,0.0,90,81,100.0,False,15.683584,91,0,0.0,0,-1,0.0,0,0,0,1.0,1.0,0.0,0.0,0,0.0,0,0,0.0,0.0,0,E3,16000000.0,1
