profile,seed,scale,W_MBps,R_MBps,rotate_wait,escrow_cap_MB,evict_at,outage_s,lines_written,lines_lost,loss_ratio,lost_MB_equiv,rotations,inode_reuses,sim_seconds,truncated,peak_active_MB_equiv,files_written,files_never_tracked,never_tracked_MB_equiv,files_abandoned,first_abandon_s,abandoned_MB_equiv,gap_detected_lines,tail_undetected_lines,tail_detected_by_hwm,watcher_recall_gaps_only,watcher_recall_with_hwm,auditor_lost_MB_equiv,auditor_error_pct,escrow_lines_lost,escrow_loss_ratio,escrow_recovered_lines,escrow_duplicates,escrow_peak_extra_MB_equiv,escrow_overflow_MB_equiv,escrow_link_miss,experiment,write_rate,audit_interval
inotify,1,16.0,48.0,32.0,5.0,-1,-1,0,1054687,301329,0.28570466877850964,1234.243584,10,6,102.72,False,479.043584,11,0,0.0,9,16.4,1234.243584,278303,23026,23026,0.9235851843002167,1.0,1240.051712,0.47058198845779864,0,0.0,301329,1418,480.002048,0.0,0,E4,48000000.0,0.02
inotify,2,16.0,48.0,32.0,5.0,-1,-1,0,1054687,310576,0.29447219886089426,1272.119296,10,6,104.94,False,479.039488,11,0,0.0,8,24.62,1272.119296,310576,0,0,1.0,1.0,1277.321216,0.4089176240276132,0,0.0,310576,1270,480.002048,0.0,0,E4,48000000.0,0.02
inotify,3,16.0,48.0,32.0,5.0,-1,-1,0,1054687,294001,0.2787566358549977,1204.228096,10,6,100.56,False,479.039488,11,0,0.0,9,17.400000000000002,1204.228096,282864,11137,11137,0.9621191764653861,1.0,1210.417152,0.5139438301230268,0,0.0,294001,1511,480.002048,0.0,0,E4,48000000.0,0.02
inotify,4,16.0,48.0,32.0,5.0,-1,-1,0,1054687,293059,0.2778634798760201,1200.369664,10,6,100.52,False,479.039488,11,0,0.0,9,17.400000000000002,1200.369664,282602,10457,10457,0.9643177653646535,1.0,1205.981184,0.46748265707587894,0,0.0,293059,1370,480.002048,0.0,0,E4,48000000.0,0.02
inotify,5,16.0,48.0,32.0,5.0,-1,-1,0,1054687,297246,0.28183337805434217,1217.519616,10,6,101.34,False,479.043584,11,0,0.0,8,21.3,1217.519616,297246,0,0,1.0,1.0,1222.856704,0.43835745476810456,0,0.0,297246,1303,480.002048,0.0,0,E4,48000000.0,0.02
inotify,1,16.0,48.0,32.0,5.0,-1,-1,0,1054687,301329,0.28570466877850964,1234.243584,10,6,103.74,False,479.043584,11,0,0.0,9,16.4,1234.243584,278303,23026,23026,0.9235851843002167,1.0,1260.2368,2.1060037367794004,0,0.0,301329,6346,480.002048,0.0,0,E4,48000000.0,0.1
inotify,2,16.0,48.0,32.0,5.0,-1,-1,0,1054687,310576,0.29447219886089426,1272.119296,10,6,105.88,False,479.039488,11,0,0.0,8,24.62,1272.119296,310576,0,0,1.0,1.0,1294.958592,1.7953737571480088,0,0.0,310576,5576,480.002048,0.0,0,E4,48000000.0,0.1
inotify,3,16.0,48.0,32.0,5.0,-1,-1,0,1054687,294001,0.2787566358549977,1204.228096,10,6,101.66,False,479.039488,11,0,0.0,9,17.400000000000002,1204.228096,282864,11137,11137,0.9621191764653861,1.0,1231.024128,2.225162499447281,0,0.0,294001,6542,480.002048,0.0,0,E4,48000000.0,0.1
inotify,4,16.0,48.0,32.0,5.0,-1,-1,0,1054687,293059,0.2778634798760201,1200.369664,10,6,101.58,False,479.039488,11,0,0.0,9,17.400000000000002,1200.369664,282602,10457,10457,0.9643177653646535,1.0,1226.244096,2.1555386458016987,0,0.0,293059,6317,480.002048,0.0,0,E4,48000000.0,0.1
inotify,5,16.0,48.0,32.0,5.0,-1,-1,0,1054687,297246,0.28183337805434217,1217.519616,10,6,102.44,False,479.043584,11,0,0.0,8,21.3,1217.519616,297246,0,0,1.0,1.0,1242.431488,2.046116684497016,0,0.0,297246,6082,480.002048,0.0,0,E4,48000000.0,0.1
inotify,1,16.0,48.0,32.0,5.0,-1,-1,0,1054687,301329,0.28570466877850964,1234.243584,10,5,108.92,False,479.043584,11,0,0.0,9,16.4,1234.243584,278303,23026,23026,0.9235851843002167,1.0,1353.162752,9.63498368892473,0,0.0,301329,29033,960.0,0.0,0,E4,48000000.0,0.5
inotify,2,16.0,48.0,32.0,5.0,-1,-1,0,1054687,310576,0.29447219886089426,1272.119296,10,6,106.28,False,479.039488,11,0,0.0,8,24.62,1272.119296,310576,0,0,1.0,1.0,1302.13888,2.3598088712585645,0,0.0,310576,7329,480.002048,0.0,0,E4,48000000.0,0.5
inotify,3,16.0,48.0,32.0,5.0,-1,-1,0,1054687,294001,0.2787566358549977,1204.228096,10,5,106.9,False,479.039488,11,0,0.0,9,17.400000000000002,1204.228096,282864,11137,11137,0.9621191764653861,1.0,1324.457984,9.983979646327734,0,0.0,294001,29353,960.0,0.0,0,E4,48000000.0,0.5
inotify,4,16.0,48.0,32.0,5.0,-1,-1,0,1054687,293059,0.2778634798760201,1200.369664,10,5,106.76,False,479.039488,11,0,0.0,9,17.400000000000002,1200.369664,282602,10457,10457,0.9643177653646535,1.0,1318.268928,9.821912993629269,0,0.0,293059,28784,960.0,0.0,0,E4,48000000.0,0.5
inotify,5,16.0,48.0,32.0,5.0,-1,-1,0,1054687,297246,0.28183337805434217,1217.519616,10,6,105.44,False,479.043584,11,0,0.0,8,21.3,1217.519616,297246,0,0,1.0,1.0,1297.7152,6.586800158791035,0,0.0,297246,19579,480.002048,0.0,0,E4,48000000.0,0.5
inotify,1,16.0,48.0,32.0,5.0,-1,-1,0,1054687,301329,0.28570466877850964,1234.243584,10,5,108.92,False,479.043584,11,0,0.0,9,16.4,1234.243584,278303,23026,23026,0.9235851843002167,1.0,1353.162752,9.63498368892473,0,0.0,301329,29033,960.0,0.0,0,E4,48000000.0,1.0
inotify,2,16.0,48.0,32.0,5.0,-1,-1,0,1054687,310576,0.29447219886089426,1272.119296,10,4,113.9,False,479.039488,11,0,0.0,8,24.62,1272.119296,310576,0,0,1.0,1.0,1441.226752,13.293364587089794,0,0.0,310576,41286,960.0,0.0,0,E4,48000000.0,1.0
inotify,3,16.0,48.0,32.0,5.0,-1,-1,0,1054687,294001,0.2787566358549977,1204.228096,10,5,106.9,False,479.039488,11,0,0.0,9,17.400000000000002,1204.228096,282864,11137,11137,0.9621191764653861,1.0,1324.457984,9.983979646327734,0,0.0,294001,29353,960.0,0.0,0,E4,48000000.0,1.0
inotify,4,16.0,48.0,32.0,5.0,-1,-1,0,1054687,293059,0.2778634798760201,1200.369664,10,5,106.76,False,479.039488,11,0,0.0,9,17.400000000000002,1200.369664,282602,10457,10457,0.9643177653646535,1.0,1318.268928,9.821912993629269,0,0.0,293059,28784,960.0,0.0,0,E4,48000000.0,1.0
inotify,5,16.0,48.0,32.0,5.0,-1,-1,0,1054687,297246,0.28183337805434217,1217.519616,10,5,105.44,False,479.043584,11,0,0.0,8,21.3,1217.519616,297246,0,0,1.0,1.0,1297.7152,6.586800158791035,0,0.0,297246,19579,480.002048,0.0,0,E4,48000000.0,1.0
inotify,1,16.0,48.0,32.0,5.0,-1,-1,0,1054687,301329,0.28570466877850964,1234.243584,10,5,108.92,False,479.043584,11,0,0.0,9,16.4,1234.243584,278303,23026,23026,0.9235851843002167,1.0,1353.162752,9.63498368892473,0,0.0,301329,29033,960.0,0.0,0,E4,48000000.0,2.0
inotify,2,16.0,48.0,32.0,5.0,-1,-1,0,1054687,310576,0.29447219886089426,1272.119296,10,5,113.9,False,479.039488,11,0,0.0,8,24.62,1272.119296,310576,0,0,1.0,1.0,1441.226752,13.293364587089794,0,0.0,310576,41286,960.0,0.0,0,E4,48000000.0,2.0
inotify,3,16.0,48.0,32.0,5.0,-1,-1,0,1054687,294001,0.2787566358549977,1204.228096,10,4,122.8,False,479.039488,11,0,0.0,9,17.400000000000002,1204.228096,282864,11137,11137,0.9621191764653861,1.0,1610.313728,33.721654007979566,0,0.0,294001,99142,960.0,0.0,0,E4,48000000.0,2.0
inotify,4,16.0,48.0,32.0,5.0,-1,-1,0,1054687,293059,0.2778634798760201,1200.369664,10,4,122.72,False,479.039488,11,0,0.0,9,17.400000000000002,1200.369664,282602,10457,10457,0.9643177653646535,1.0,1606.38976,33.82458822284932,0,0.0,293059,99126,960.0,0.0,0,E4,48000000.0,2.0
inotify,5,16.0,48.0,32.0,5.0,-1,-1,0,1054687,297246,0.28183337805434217,1217.519616,10,4,119.48,False,479.043584,11,0,0.0,8,21.3,1217.519616,297246,0,0,1.0,1.0,1553.461248,27.592297289114068,0,0.0,297246,82017,960.0,0.0,0,E4,48000000.0,2.0
