profile,seed,scale,W_MBps,R_MBps,rotate_wait,escrow_cap_MB,evict_at,outage_s,lines_written,lines_lost,loss_ratio,lost_MB_equiv,rotations,inode_reuses,sim_seconds,truncated,peak_active_MB_equiv,files_written,files_never_tracked,never_tracked_MB_equiv,files_abandoned,first_abandon_s,abandoned_MB_equiv,gap_detected_lines,tail_undetected_lines,tail_detected_by_hwm,watcher_recall_gaps_only,watcher_recall_with_hwm,auditor_lost_MB_equiv,auditor_error_pct,escrow_lines_lost,escrow_loss_ratio,escrow_recovered_lines,escrow_duplicates,escrow_peak_extra_MB_equiv,escrow_overflow_MB_equiv,escrow_link_miss,experiment,write_rate,outages
inotify,1,16.0,8.0,32.0,5.0,-1,30,50,58593,19531,0.3333333333333333,79.998976,3,2,100.0,False,79.839232,4,0,0.0,2,26.42,79.998976,0,19531,0,0.0,0.0,79.519744,-0.599047667810148,0,0.0,19531,0,79.998976,0.0,0,E5,8000000.0,"[[20, 70]]"
inotify,2,16.0,8.0,32.0,5.0,-1,30,50,58593,19531,0.3333333333333333,79.998976,3,2,100.0,False,79.839232,4,0,0.0,2,34.64,79.998976,0,19531,0,0.0,0.0,79.519744,-0.599047667810148,0,0.0,19531,0,83.197952,0.0,0,E5,8000000.0,"[[20, 70]]"
inotify,3,16.0,8.0,32.0,5.0,-1,30,50,58593,19531,0.3333333333333333,79.998976,3,2,100.0,False,79.839232,4,0,0.0,2,27.42,79.998976,0,19531,0,0.0,0.0,79.519744,-0.599047667810148,0,0.0,19531,0,80.003072,0.0,0,E5,8000000.0,"[[20, 70]]"
inotify,4,16.0,8.0,32.0,5.0,-1,30,50,58593,19531,0.3333333333333333,79.998976,3,2,100.0,False,79.839232,4,0,0.0,2,27.42,79.998976,0,19531,0,0.0,0.0,79.519744,-0.599047667810148,0,0.0,19531,0,80.003072,0.0,0,E5,8000000.0,"[[20, 70]]"
inotify,5,16.0,8.0,32.0,5.0,-1,30,50,58593,19531,0.3333333333333333,79.998976,3,2,100.0,False,79.843328,4,0,0.0,2,31.32,79.998976,0,19531,0,0.0,0.0,79.519744,-0.599047667810148,0,0.0,19531,0,80.003072,0.0,0,E5,8000000.0,"[[20, 70]]"
inotify,1,16.0,8.0,32.0,5.0,-1,40,50,78125,39063,0.5000064,160.002048,4,2,100.0,False,79.843328,5,0,0.0,3,26.42,160.002048,0,39063,19570,0.0,0.5009855873844815,159.51872,-0.30207613342549217,0,0.0,39063,0,80.003072,0.0,0,E5,8000000.0,"[[20, 70]]"
inotify,2,16.0,8.0,32.0,5.0,-1,40,50,78125,39063,0.5000064,160.002048,4,2,100.0,False,79.839232,5,0,0.0,3,34.64,160.002048,0,39063,19570,0.0,0.5009855873844815,159.51872,-0.30207613342549217,0,0.0,39063,0,83.202048,0.0,0,E5,8000000.0,"[[20, 70]]"
inotify,3,16.0,8.0,32.0,5.0,-1,40,50,78125,39063,0.5000064,160.002048,4,2,100.0,False,79.839232,5,0,0.0,3,27.42,160.002048,0,39063,19570,0.0,0.5009855873844815,159.51872,-0.30207613342549217,0,0.0,39063,0,80.003072,0.0,0,E5,8000000.0,"[[20, 70]]"
inotify,4,16.0,8.0,32.0,5.0,-1,40,50,78125,39063,0.5000064,160.002048,4,2,100.0,False,79.839232,5,0,0.0,3,27.42,160.002048,0,39063,19570,0.0,0.5009855873844815,159.51872,-0.30207613342549217,0,0.0,39063,0,80.003072,0.0,0,E5,8000000.0,"[[20, 70]]"
inotify,5,16.0,8.0,32.0,5.0,-1,40,50,78125,39063,0.5000064,160.002048,4,2,100.0,False,79.843328,5,0,0.0,3,31.32,160.002048,0,39063,19570,0.0,0.5009855873844815,159.51872,-0.30207613342549217,0,0.0,39063,0,109.920256,0.0,0,E5,8000000.0,"[[20, 70]]"
inotify,1,16.0,8.0,32.0,5.0,-1,50,50,97656,58594,0.6000040960104858,240.001024,5,2,100.0,False,79.843328,6,0,0.0,4,26.42,240.001024,0,58594,48867,0.0,0.8339932416288357,239.521792,-0.19967914803563505,0,0.0,58594,0,80.003072,0.0,0,E5,8000000.0,"[[20, 70]]"
inotify,2,16.0,8.0,32.0,5.0,-1,50,50,97656,58594,0.6000040960104858,240.001024,5,3,100.0,False,79.839232,6,0,0.0,4,34.64,240.001024,0,58594,48867,0.0,0.8339932416288357,239.521792,-0.19967914803563505,0,0.0,58594,0,83.202048,0.0,0,E5,8000000.0,"[[20, 70]]"
inotify,3,16.0,8.0,32.0,5.0,-1,50,50,97656,58594,0.6000040960104858,240.001024,5,3,100.0,False,79.839232,6,0,0.0,4,27.42,240.001024,0,58594,48867,0.0,0.8339932416288357,239.521792,-0.19967914803563505,0,0.0,58594,0,80.003072,0.0,0,E5,8000000.0,"[[20, 70]]"
inotify,4,16.0,8.0,32.0,5.0,-1,50,50,97656,58594,0.6000040960104858,240.001024,5,3,100.0,False,79.839232,6,0,0.0,4,27.42,240.001024,0,58594,48867,0.0,0.8339932416288357,239.521792,-0.19967914803563505,0,0.0,58594,0,80.003072,0.0,0,E5,8000000.0,"[[20, 70]]"
inotify,5,16.0,8.0,32.0,5.0,-1,50,50,97656,58594,0.6000040960104858,240.001024,5,2,100.0,False,79.843328,6,0,0.0,4,31.32,240.001024,0,58594,48867,0.0,0.8339932416288357,239.521792,-0.19967914803563505,0,0.0,58594,0,109.920256,0.0,0,E5,8000000.0,"[[20, 70]]"
inotify,1,16.0,8.0,32.0,5.0,-1,60,50,117187,78125,0.6666695111232475,320.0,6,2,100.0,False,79.843328,7,0,0.0,5,26.42,320.0,0,78125,48867,0.0,0.6254976,319.520768,-0.14976,0,0.0,78125,0,80.003072,0.0,0,E5,8000000.0,"[[20, 70]]"
inotify,2,16.0,8.0,32.0,5.0,-1,60,50,117187,78125,0.6666695111232475,320.0,6,3,100.0,False,79.839232,7,0,0.0,5,34.64,320.0,0,78125,48867,0.0,0.6254976,319.520768,-0.14976,0,0.0,78125,0,83.197952,0.0,0,E5,8000000.0,"[[20, 70]]"
inotify,3,16.0,8.0,32.0,5.0,-1,60,50,117187,78125,0.6666695111232475,320.0,6,3,100.0,False,79.839232,7,0,0.0,5,27.42,320.0,0,78125,48867,0.0,0.6254976,319.520768,-0.14976,0,0.0,78125,0,80.003072,0.0,0,E5,8000000.0,"[[20, 70]]"
inotify,4,16.0,8.0,32.0,5.0,-1,60,50,117187,78125,0.6666695111232475,320.0,6,3,100.0,False,79.839232,7,0,0.0,5,27.42,320.0,0,78125,48867,0.0,0.6254976,319.520768,-0.14976,0,0.0,78125,0,80.003072,0.0,0,E5,8000000.0,"[[20, 70]]"
inotify,5,16.0,8.0,32.0,5.0,-1,60,50,117187,78125,0.6666695111232475,320.0,6,2,100.0,False,79.843328,7,0,0.0,5,31.32,320.0,0,78125,48867,0.0,0.6254976,319.520768,-0.14976,0,0.0,78125,0,109.920256,0.0,0,E5,8000000.0,"[[20, 70]]"
