profile,seed,scale,W_MBps,R_MBps,rotate_wait,escrow_cap_MB,evict_at,outage_s,lines_written,lines_lost,loss_ratio,lost_MB_equiv,rotations,inode_reuses,sim_seconds,truncated,peak_active_MB_equiv,files_written,files_never_tracked,never_tracked_MB_equiv,files_abandoned,first_abandon_s,abandoned_MB_equiv,gap_detected_lines,tail_undetected_lines,tail_detected_by_hwm,watcher_recall_gaps_only,watcher_recall_with_hwm,auditor_lost_MB_equiv,auditor_error_pct,escrow_lines_lost,escrow_loss_ratio,escrow_recovered_lines,escrow_duplicates,escrow_peak_extra_MB_equiv,escrow_overflow_MB_equiv,escrow_link_miss,experiment,write_rate,escrow_cap
inotify,1,16.0,48.0,32.0,5.0,250.0,-1,0,1054687,301329,0.28570466877850964,1234.243584,10,6,102.44,False,479.043584,11,0,0.0,9,16.4,1234.243584,278303,23026,23026,0.9235851843002167,1.0,1260.2368,2.1060037367794004,142221,0.1348466417050746,159108,6346,0.0,591.6672,0,E6,48000000.0,250000000.0
inotify,2,16.0,48.0,32.0,5.0,250.0,-1,0,1054687,310576,0.29447219886089426,1272.119296,10,6,100.0,False,479.039488,11,0,0.0,8,24.62,1272.119296,310576,0,0,1.0,1.0,1294.958592,1.7953737571480088,159826,0.15153879776654117,150750,5576,0.0,654.647296,0,E6,48000000.0,250000000.0
inotify,3,16.0,48.0,32.0,5.0,250.0,-1,0,1054687,294001,0.2787566358549977,1204.228096,10,6,100.42,False,479.039488,11,0,0.0,9,17.400000000000002,1204.228096,282864,11137,11137,0.9621191764653861,1.0,1231.024128,2.225162499447281,141461,0.13412604877086756,152540,6542,0.0,583.729152,0,E6,48000000.0,250000000.0
inotify,4,16.0,48.0,32.0,5.0,250.0,-1,0,1054687,293059,0.2778634798760201,1200.369664,10,6,100.2,False,479.039488,11,0,0.0,9,17.400000000000002,1200.369664,282602,10457,10457,0.9643177653646535,1.0,1226.244096,2.1555386458016987,141918,0.13455935267998942,151141,6317,0.0,617.897984,0,E6,48000000.0,250000000.0
inotify,5,16.0,48.0,32.0,5.0,250.0,-1,0,1054687,297246,0.28183337805434217,1217.519616,10,6,100.0,False,479.043584,11,0,0.0,8,21.3,1217.519616,297246,0,0,1.0,1.0,1242.431488,2.046116684497016,148094,0.1404151184190191,149152,6082,0.0,606.593024,0,E6,48000000.0,250000000.0
inotify,1,16.0,48.0,32.0,5.0,500.0,-1,0,1054687,301329,0.28570466877850964,1234.243584,10,6,103.74,False,479.043584,11,0,0.0,9,16.4,1234.243584,278303,23026,23026,0.9235851843002167,1.0,1260.2368,2.1060037367794004,0,0.0,301329,6346,480.002048,0.0,0,E6,48000000.0,500000000.0
inotify,2,16.0,48.0,32.0,5.0,500.0,-1,0,1054687,310576,0.29447219886089426,1272.119296,10,6,105.88,False,479.039488,11,0,0.0,8,24.62,1272.119296,310576,0,0,1.0,1.0,1294.958592,1.7953737571480088,0,0.0,310576,5576,480.002048,0.0,0,E6,48000000.0,500000000.0
inotify,3,16.0,48.0,32.0,5.0,500.0,-1,0,1054687,294001,0.2787566358549977,1204.228096,10,6,101.66,False,479.039488,11,0,0.0,9,17.400000000000002,1204.228096,282864,11137,11137,0.9621191764653861,1.0,1231.024128,2.225162499447281,0,0.0,294001,6542,480.002048,0.0,0,E6,48000000.0,500000000.0
inotify,4,16.0,48.0,32.0,5.0,500.0,-1,0,1054687,293059,0.2778634798760201,1200.369664,10,6,101.58,False,479.039488,11,0,0.0,9,17.400000000000002,1200.369664,282602,10457,10457,0.9643177653646535,1.0,1226.244096,2.1555386458016987,0,0.0,293059,6317,480.002048,0.0,0,E6,48000000.0,500000000.0
inotify,5,16.0,48.0,32.0,5.0,500.0,-1,0,1054687,297246,0.28183337805434217,1217.519616,10,6,102.44,False,479.043584,11,0,0.0,8,21.3,1217.519616,297246,0,0,1.0,1.0,1242.431488,2.046116684497016,0,0.0,297246,6082,480.002048,0.0,0,E6,48000000.0,500000000.0
inotify,1,16.0,48.0,32.0,5.0,1000.0,-1,0,1054687,301329,0.28570466877850964,1234.243584,10,6,103.74,False,479.043584,11,0,0.0,9,16.4,1234.243584,278303,23026,23026,0.9235851843002167,1.0,1260.2368,2.1060037367794004,0,0.0,301329,6346,480.002048,0.0,0,E6,48000000.0,1000000000.0
inotify,2,16.0,48.0,32.0,5.0,1000.0,-1,0,1054687,310576,0.29447219886089426,1272.119296,10,6,105.88,False,479.039488,11,0,0.0,8,24.62,1272.119296,310576,0,0,1.0,1.0,1294.958592,1.7953737571480088,0,0.0,310576,5576,480.002048,0.0,0,E6,48000000.0,1000000000.0
inotify,3,16.0,48.0,32.0,5.0,1000.0,-1,0,1054687,294001,0.2787566358549977,1204.228096,10,6,101.66,False,479.039488,11,0,0.0,9,17.400000000000002,1204.228096,282864,11137,11137,0.9621191764653861,1.0,1231.024128,2.225162499447281,0,0.0,294001,6542,480.002048,0.0,0,E6,48000000.0,1000000000.0
inotify,4,16.0,48.0,32.0,5.0,1000.0,-1,0,1054687,293059,0.2778634798760201,1200.369664,10,6,101.58,False,479.039488,11,0,0.0,9,17.400000000000002,1200.369664,282602,10457,10457,0.9643177653646535,1.0,1226.244096,2.1555386458016987,0,0.0,293059,6317,480.002048,0.0,0,E6,48000000.0,1000000000.0
inotify,5,16.0,48.0,32.0,5.0,1000.0,-1,0,1054687,297246,0.28183337805434217,1217.519616,10,6,102.44,False,479.043584,11,0,0.0,8,21.3,1217.519616,297246,0,0,1.0,1.0,1242.431488,2.046116684497016,0,0.0,297246,6082,480.002048,0.0,0,E6,48000000.0,1000000000.0
inotify,1,16.0,48.0,32.0,5.0,2000.0,-1,0,1054687,301329,0.28570466877850964,1234.243584,10,5,103.74,False,479.043584,11,0,0.0,9,16.4,1234.243584,278303,23026,23026,0.9235851843002167,1.0,1260.2368,2.1060037367794004,0,0.0,301329,6346,480.002048,0.0,0,E6,48000000.0,2000000000.0
inotify,2,16.0,48.0,32.0,5.0,2000.0,-1,0,1054687,310576,0.29447219886089426,1272.119296,10,6,105.88,False,479.039488,11,0,0.0,8,24.62,1272.119296,310576,0,0,1.0,1.0,1294.958592,1.7953737571480088,0,0.0,310576,5576,480.002048,0.0,0,E6,48000000.0,2000000000.0
inotify,3,16.0,48.0,32.0,5.0,2000.0,-1,0,1054687,294001,0.2787566358549977,1204.228096,10,5,101.66,False,479.039488,11,0,0.0,9,17.400000000000002,1204.228096,282864,11137,11137,0.9621191764653861,1.0,1231.024128,2.225162499447281,0,0.0,294001,6542,480.002048,0.0,0,E6,48000000.0,2000000000.0
inotify,4,16.0,48.0,32.0,5.0,2000.0,-1,0,1054687,293059,0.2778634798760201,1200.369664,10,5,101.58,False,479.039488,11,0,0.0,9,17.400000000000002,1200.369664,282602,10457,10457,0.9643177653646535,1.0,1226.244096,2.1555386458016987,0,0.0,293059,6317,480.002048,0.0,0,E6,48000000.0,2000000000.0
inotify,5,16.0,48.0,32.0,5.0,2000.0,-1,0,1054687,297246,0.28183337805434217,1217.519616,10,6,102.44,False,479.043584,11,0,0.0,8,21.3,1217.519616,297246,0,0,1.0,1.0,1242.431488,2.046116684497016,0,0.0,297246,6082,480.002048,0.0,0,E6,48000000.0,2000000000.0
inotify,1,16.0,48.0,32.0,5.0,-1,-1,0,1054687,301329,0.28570466877850964,1234.243584,10,5,103.74,False,479.043584,11,0,0.0,9,16.4,1234.243584,278303,23026,23026,0.9235851843002167,1.0,1260.2368,2.1060037367794004,0,0.0,301329,6346,480.002048,0.0,0,E6,48000000.0,inf
inotify,2,16.0,48.0,32.0,5.0,-1,-1,0,1054687,310576,0.29447219886089426,1272.119296,10,6,105.88,False,479.039488,11,0,0.0,8,24.62,1272.119296,310576,0,0,1.0,1.0,1294.958592,1.7953737571480088,0,0.0,310576,5576,480.002048,0.0,0,E6,48000000.0,inf
inotify,3,16.0,48.0,32.0,5.0,-1,-1,0,1054687,294001,0.2787566358549977,1204.228096,10,5,101.66,False,479.039488,11,0,0.0,9,17.400000000000002,1204.228096,282864,11137,11137,0.9621191764653861,1.0,1231.024128,2.225162499447281,0,0.0,294001,6542,480.002048,0.0,0,E6,48000000.0,inf
inotify,4,16.0,48.0,32.0,5.0,-1,-1,0,1054687,293059,0.2778634798760201,1200.369664,10,6,101.58,False,479.039488,11,0,0.0,9,17.400000000000002,1200.369664,282602,10457,10457,0.9643177653646535,1.0,1226.244096,2.1555386458016987,0,0.0,293059,6317,480.002048,0.0,0,E6,48000000.0,inf
inotify,5,16.0,48.0,32.0,5.0,-1,-1,0,1054687,297246,0.28183337805434217,1217.519616,10,5,102.44,False,479.043584,11,0,0.0,8,21.3,1217.519616,297246,0,0,1.0,1.0,1242.431488,2.046116684497016,0,0.0,297246,6082,480.002048,0.0,0,E6,48000000.0,inf
