rate,outage_s,emitted,dropped_queue,dropped_timeout,lost,loss_ratio,predicted_lost
1000,0.0,90000,0,0,0,0.0,0.0
1000,1.0,90000,0,0,0,0.0,0.0
1000,2.0,90000,0,0,0,0.0,0.0
1000,5.0,90000,2478,0,2478,0.027533333333333333,2440.0
1000,10.0,90000,7478,0,7478,0.08308888888888889,7440.0
1000,40.0,90000,36966,512,37478,0.41642222222222225,
5000,0.0,450000,0,0,0,0.0,0.0
5000,1.0,450000,2630,0,2630,0.005844444444444445,2440.0
5000,2.0,450000,7630,0,7630,0.016955555555555557,7440.0
5000,5.0,450000,22630,0,22630,0.05028888888888889,22440.0
5000,10.0,450000,47630,0,47630,0.10584444444444445,47440.0
5000,40.0,450000,197118,512,197630,0.4391777777777778,
20000,0.0,1800000,0,0,0,0.0,0.0
20000,1.0,1800000,17688,0,17688,0.009826666666666666,17440.0
20000,2.0,1800000,37688,0,37688,0.020937777777777777,37440.0
20000,5.0,1800000,97688,0,97688,0.05427111111111111,97440.0
20000,10.0,1800000,197688,0,197688,0.10982666666666667,197440.0
20000,40.0,1800000,797176,512,797688,0.44316,
